{
    "name": "root",
    "gauges": {
        "AgentBehavior.Policy.Entropy.mean": {
            "value": 1.4521642923355103,
            "min": 1.4140697717666626,
            "max": 1.4530695676803589,
            "count": 32
        },
        "AgentBehavior.Policy.Entropy.sum": {
            "value": 72579.171875,
            "min": 68958.1484375,
            "max": 74571.453125,
            "count": 32
        },
        "AgentBehavior.Environment.EpisodeLength.mean": {
            "value": 950.6923076923077,
            "min": 247.93548387096774,
            "max": 982.1111111111111,
            "count": 32
        },
        "AgentBehavior.Environment.EpisodeLength.sum": {
            "value": 49436.0,
            "min": 46116.0,
            "max": 53034.0,
            "count": 32
        },
        "AgentBehavior.Step.mean": {
            "value": 1599917.0,
            "min": 49886.0,
            "max": 1599917.0,
            "count": 32
        },
        "AgentBehavior.Step.sum": {
            "value": 1599917.0,
            "min": 49886.0,
            "max": 1599917.0,
            "count": 32
        },
        "AgentBehavior.Policy.ExtrinsicValueEstimate.mean": {
            "value": 0.5732653141021729,
            "min": -1.8807246685028076,
            "max": 0.7196424007415771,
            "count": 32
        },
        "AgentBehavior.Policy.ExtrinsicValueEstimate.sum": {
            "value": 230.45266723632812,
            "min": -772.9778442382812,
            "max": 288.57659912109375,
            "count": 32
        },
        "AgentBehavior.Policy.CuriosityValueEstimate.mean": {
            "value": 0.021810157224535942,
            "min": -0.010177775286138058,
            "max": 0.37786489725112915,
            "count": 32
        },
        "AgentBehavior.Policy.CuriosityValueEstimate.sum": {
            "value": 8.767683029174805,
            "min": -5.0685319900512695,
            "max": 153.0352783203125,
            "count": 32
        },
        "AgentBehavior.Environment.CumulativeReward.mean": {
            "value": 70.0,
            "min": -79.78494623655914,
            "max": 74.61538461538461,
            "count": 32
        },
        "AgentBehavior.Environment.CumulativeReward.sum": {
            "value": 3640.0,
            "min": -14840.0,
            "max": 3990.0,
            "count": 32
        },
        "AgentBehavior.Policy.ExtrinsicReward.mean": {
            "value": 70.0,
            "min": -79.78494623655914,
            "max": 74.61538461538461,
            "count": 32
        },
        "AgentBehavior.Policy.ExtrinsicReward.sum": {
            "value": 3640.0,
            "min": -14840.0,
            "max": 3990.0,
            "count": 32
        },
        "AgentBehavior.Policy.CuriosityReward.mean": {
            "value": 0.25228020184350985,
            "min": 0.12198896956283088,
            "max": 9.026061610608805,
            "count": 32
        },
        "AgentBehavior.Policy.CuriosityReward.sum": {
            "value": 13.118570495862514,
            "min": 6.221437447704375,
            "max": 550.5897582471371,
            "count": 32
        },
        "AgentBehavior.Losses.PolicyLoss.mean": {
            "value": 0.040824885706873225,
            "min": 0.040824885706873225,
            "max": 0.049036625599304294,
            "count": 32
        },
        "AgentBehavior.Losses.PolicyLoss.sum": {
            "value": 0.040824885706873225,
            "min": 0.040824885706873225,
            "max": 0.09802982869102075,
            "count": 32
        },
        "AgentBehavior.Losses.ValueLoss.mean": {
            "value": 1.4703724784582544,
            "min": 0.6300129609977981,
            "max": 74.07071096946795,
            "count": 32
        },
        "AgentBehavior.Losses.ValueLoss.sum": {
            "value": 1.4703724784582544,
            "min": 0.8998163874881963,
            "max": 74.07071096946795,
            "count": 32
        },
        "AgentBehavior.Policy.LearningRate.mean": {
            "value": 8.422884577117e-05,
            "min": 8.422884577117e-05,
            "max": 9.967110032890003e-05,
            "count": 32
        },
        "AgentBehavior.Policy.LearningRate.sum": {
            "value": 8.422884577117e-05,
            "min": 8.422884577117e-05,
            "max": 0.00019835543164457002,
            "count": 32
        },
        "AgentBehavior.Policy.Epsilon.mean": {
            "value": 0.18422882999999998,
            "min": 0.18422882999999998,
            "max": 0.19967110000000002,
            "count": 32
        },
        "AgentBehavior.Policy.Epsilon.sum": {
            "value": 0.18422882999999998,
            "min": 0.18422882999999998,
            "max": 0.39835543000000007,
            "count": 32
        },
        "AgentBehavior.Policy.Beta.mean": {
            "value": 0.0042130186169999995,
            "min": 0.0042130186169999995,
            "max": 0.004983587890000001,
            "count": 32
        },
        "AgentBehavior.Policy.Beta.sum": {
            "value": 0.0042130186169999995,
            "min": 0.0042130186169999995,
            "max": 0.009917935957,
            "count": 32
        },
        "AgentBehavior.Losses.CuriosityForwardLoss.mean": {
            "value": 0.011739226454665186,
            "min": 0.006128388576447227,
            "max": 3.3043375451428196,
            "count": 32
        },
        "AgentBehavior.Losses.CuriosityForwardLoss.sum": {
            "value": 0.011739226454665186,
            "min": 0.006470906933827791,
            "max": 3.3043375451428196,
            "count": 32
        },
        "AgentBehavior.Losses.CuriosityInverseLoss.mean": {
            "value": 0.04878831914296219,
            "min": 0.0049976010423051775,
            "max": 1.2575934748359334,
            "count": 32
        },
        "AgentBehavior.Losses.CuriosityInverseLoss.sum": {
            "value": 0.04878831914296219,
            "min": 0.0049976010423051775,
            "max": 1.2575934748359334,
            "count": 32
        },
        "AgentBehavior.IsTraining.mean": {
            "value": 1.0,
            "min": 1.0,
            "max": 1.0,
            "count": 32
        },
        "AgentBehavior.IsTraining.sum": {
            "value": 1.0,
            "min": 1.0,
            "max": 1.0,
            "count": 32
        }
    },
    "metadata": {
        "timer_format_version": "0.1.0",
        "start_time_seconds": "1675527467",
        "python_version": "3.7.16 (default, Jan 17 2023, 16:06:28) [MSC v.1916 64 bit (AMD64)]",
        "command_line_arguments": "C:\\Users\\gorzs\\anaconda3\\envs\\unity\\Scripts\\mlagents-learn .\\config.yaml --run-id=Stage1_Training1",
        "mlagents_version": "0.28.0",
        "mlagents_envs_version": "0.28.0",
        "communication_protocol_version": "1.5.0",
        "pytorch_version": "1.7.1+cu110",
        "numpy_version": "1.21.6",
        "end_time_seconds": "1675528670"
    },
    "total": 1203.112304,
    "count": 1,
    "self": 0.005557700000053956,
    "children": {
        "run_training.setup": {
            "total": 0.06997650000000011,
            "count": 1,
            "self": 0.06997650000000011
        },
        "TrainerController.start_learning": {
            "total": 1203.0367698,
            "count": 1,
            "self": 1.5375167000015608,
            "children": {
                "TrainerController._reset_env": {
                    "total": 10.858411499999999,
                    "count": 1,
                    "self": 10.858411499999999
                },
                "TrainerController.advance": {
                    "total": 1190.5561872999983,
                    "count": 110335,
                    "self": 0.8249544000125297,
                    "children": {
                        "env_step": {
                            "total": 1189.7312328999858,
                            "count": 110335,