{
    "name": "root",
    "gauges": {
        "AgentBehavior.Policy.Entropy.mean": {
            "value": 0.9492111802101135,
            "min": 0.9492111802101135,
            "max": 1.41780686378479,
            "count": 103
        },
        "AgentBehavior.Policy.Entropy.sum": {
            "value": 47470.05078125,
            "min": 47470.05078125,
            "max": 72095.4765625,
            "count": 103
        },
        "AgentBehavior.Environment.EpisodeLength.mean": {
            "value": 20.10535117056856,
            "min": 15.859791034715201,
            "max": 367.1294964028777,
            "count": 103
        },
        "AgentBehavior.Environment.EpisodeLength.sum": {
            "value": 48092.0,
            "min": 45581.0,
            "max": 51031.0,
            "count": 103
        },
        "AgentBehavior.Step.mean": {
            "value": 5149992.0,
            "min": 49975.0,
            "max": 5149992.0,
            "count": 103
        },
        "AgentBehavior.Step.sum": {
            "value": 5149992.0,
            "min": 49975.0,
            "max": 5149992.0,
            "count": 103
        },
        "AgentBehavior.Policy.ExtrinsicValueEstimate.mean": {
            "value": 52.612449645996094,
            "min": -7.803626537322998,
            "max": 56.7645263671875,
            "count": 103
        },
        "AgentBehavior.Policy.ExtrinsicValueEstimate.sum": {
            "value": 131794.1875,
            "min": -3558.45361328125,
            "max": 171116.828125,
            "count": 103
        },
        "AgentBehavior.Policy.CuriosityValueEstimate.mean": {
            "value": 0.7948795557022095,
            "min": 0.11412110179662704,
            "max": 1.8339577913284302,
            "count": 103
        },
        "AgentBehavior.Policy.CuriosityValueEstimate.sum": {
            "value": 1991.1732177734375,
            "min": 65.96199798583984,
            "max": 4773.2802734375,
            "count": 103
        },
        "AgentBehavior.Environment.CumulativeReward.mean": {
            "value": 79.34814996898548,
            "min": -322.2609199855639,
            "max": 84.50861291153808,
            "count": 103
        },
        "AgentBehavior.Environment.CumulativeReward.sum": {
            "value": 190038.81917572021,
            "min": -63132.075370788574,
            "max": 247348.61834335327,
            "count": 103
        },
        "AgentBehavior.Policy.ExtrinsicReward.mean": {
            "value": 79.34814996898548,
            "min": -322.2609199855639,
            "max": 84.50861291153808,
            "count": 103
        },
        "AgentBehavior.Policy.ExtrinsicReward.sum": {
            "value": 190038.81917572021,
            "min": -63132.075370788574,
            "max": 247348.61834335327,
            "count": 103
        },
        "AgentBehavior.Policy.CuriosityReward.mean": {
            "value": 0.013913532008925143,
            "min": 0.012832910862323235,
            "max": 5.276030671823284,
            "count": 103
        },
        "AgentBehavior.Policy.CuriosityReward.sum": {
            "value": 33.32290916137572,
            "min": 22.424026848282665,
            "max": 728.0922327116132,
            "count": 103
        },
        "AgentBehavior.Losses.PolicyLoss.mean": {
            "value": 0.04584964828063676,
            "min": 0.04584964828063676,
            "max": 0.05440968136584464,
            "count": 103
        },
        "AgentBehavior.Losses.PolicyLoss.sum": {
            "value": 0.04584964828063676,
            "min": 0.04584964828063676,
            "max": 0.1060590753647072,
            "count": 103
        },
        "AgentBehavior.Losses.ValueLoss.mean": {
            "value": 26.136340914915007,
            "min": 11.160332214087248,
            "max": 101.06910746296246,
            "count": 103
        },
        "AgentBehavior.Losses.ValueLoss.sum": {
            "value": 26.136340914915007,
            "min": 11.45260694095244,
            "max": 101.06910746296246,
            "count": 103
        },
        "AgentBehavior.Policy.LearningRate.mean": {
            "value": 4.8810201189849986e-05,
            "min": 4.8810201189849986e-05,
            "max": 9.967222032777999e-05,
            "count": 103
        },
        "AgentBehavior.Policy.LearningRate.sum": {
            "value": 4.8810201189849986e-05,
            "min": 4.8810201189849986e-05,
            "max": 0.00019835908164092,
            "count": 103
        },
        "AgentBehavior.Policy.Epsilon.mean": {
            "value": 0.14881015000000003,
            "min": 0.14881015000000003,
            "max": 0.19967222000000004,
            "count": 103
        },
        "AgentBehavior.Policy.Epsilon.sum": {
            "value": 0.14881015000000003,
            "min": 0.14881015000000003,
            "max": 0.39835908,
            "count": 103
        },
        "AgentBehavior.Policy.Beta.mean": {
            "value": 0.0024456264850000005,
            "min": 0.0024456264850000005,
            "max": 0.004983643778,
            "count": 103
        },
        "AgentBehavior.Policy.Beta.sum": {
            "value": 0.0024456264850000005,
            "min": 0.0024456264850000005,
            "max": 0.009918118092000001,
            "count": 103
        },
        "AgentBehavior.Losses.CuriosityForwardLoss.mean": {
            "value": 0.0315925593264789,
            "min": 0.01780064943401764,
            "max": 5.998876443132758,
            "count": 103
        },
        "AgentBehavior.Losses.CuriosityForwardLoss.sum": {
            "value": 0.0315925593264789,
            "min": 0.01780064943401764,
            "max": 5.998876443132758,
            "count": 103
        },
        "AgentBehavior.Losses.CuriosityInverseLoss.mean": {
            "value": 0.300274964227962,
            "min": 0.010277001855380757,
            "max": 1.8982279474536579,
            "count": 103
        },
        "AgentBehavior.Losses.CuriosityInverseLoss.sum": {
            "value": 0.300274964227962,
            "min": 0.01163607449234405,
            "max": 1.8982279474536579,
            "count": 103
        },
        "AgentBehavior.IsTraining.mean": {
            "value": 1.0,
            "min": 1.0,
            "max": 1.0,
            "count": 103
        },
        "AgentBehavior.IsTraining.sum": {
            "value": 1.0,
            "min": 1.0,
            "max": 1.0,
            "count": 103
        }
    },
    "metadata": {
        "timer_format_version": "0.1.0",
        "start_time_seconds": "1675780782",
        "python_version": "3.7.16 (default, Jan 17 2023, 16:06:28) [MSC v.1916 64 bit (AMD64)]",
        "command_line_arguments": "C:\\Users\\gorzs\\anaconda3\\envs\\unity\\Scripts\\mlagents-learn .\\config.yaml --run-id=Stage1_Training1 --force",
        "mlagents_version": "0.28.0",
        "mlagents_envs_version": "0.28.0",
        "communication_protocol_version": "1.5.0",
        "pytorch_version": "1.7.1+cu110",
        "numpy_version": "1.21.6",
        "end_time_seconds": "1675785363"
    },
    "total": 4581.2484518,
    "count": 1,
    "self": 0.0047507000008408795,
    "children": {
        "run_training.setup": {
            "total": 0.0699845,
            "count": 1,
            "self": 0.0699845
        },
        "TrainerController.start_learning": {
            "total": 4581.173716599999,
            "count": 1,
            "self": 7.667446600130461,
            "children": {
                "TrainerController._reset_env": {
                    "total": 6.3295144,
                    "count": 1,
                    "self": 6.3295144
                },
                "TrainerController.advance": {
                    "total": 4567.102795299868,
                    "count": 489485,
                    "self": 4.164170799881504,
                    "children": {
                        "env_step": {
                            "total": 4562.938624499987,