{
    "name": "root",
    "gauges": {
        "AgentBehavior.Policy.Entropy.mean": {
            "value": 0.9039673805236816,
            "min": 0.9039673805236816,
            "max": 0.94721519947052,
            "count": 33
        },
        "AgentBehavior.Policy.Entropy.sum": {
            "value": 45397.2421875,
            "min": 33815.58203125,
            "max": 47384.9140625,
            "count": 33
        },
        "AgentBehavior.Environment.EpisodeLength.mean": {
            "value": 16.60967741935484,
            "min": 14.865998176845943,
            "max": 20.06721649484536,
            "count": 33
        },
        "AgentBehavior.Environment.EpisodeLength.sum": {
            "value": 46341.0,
            "min": 32616.0,
            "max": 48724.0,
            "count": 33
        },
        "AgentBehavior.Step.mean": {
            "value": 6799935.0,
            "min": 5199917.0,
            "max": 6799935.0,
            "count": 33
        },
        "AgentBehavior.Step.sum": {
            "value": 6799935.0,
            "min": 5199917.0,
            "max": 6799935.0,
            "count": 33
        },
        "AgentBehavior.Policy.ExtrinsicValueEstimate.mean": {
            "value": 52.20805740356445,
            "min": 50.53565216064453,
            "max": 53.12062454223633,
            "count": 33
        },
        "AgentBehavior.Policy.ExtrinsicValueEstimate.sum": {
            "value": 148531.921875,
            "min": 117609.0625,
            "max": 158024.328125,
            "count": 33
        },
        "AgentBehavior.Policy.CuriosityValueEstimate.mean": {
            "value": 0.5560467839241028,
            "min": 0.5560467839241028,
            "max": 0.7962859869003296,
            "count": 33
        },
        "AgentBehavior.Policy.CuriosityValueEstimate.sum": {
            "value": 1581.953125,
            "min": 1469.745361328125,
            "max": 2183.59326171875,
            "count": 33
        },
        "AgentBehavior.Environment.CumulativeReward.mean": {
            "value": 84.13696430883981,
            "min": 79.22698998185996,
            "max": 85.40120853195991,
            "count": 33
        },
        "AgentBehavior.Environment.CumulativeReward.sum": {
            "value": 234910.40435028076,
            "min": 187114.04789352417,
            "max": 248775.68647384644,
            "count": 33
        },
        "AgentBehavior.Policy.ExtrinsicReward.mean": {
            "value": 84.13696430883981,
            "min": 79.22698998185996,
            "max": 85.40120853195991,
            "count": 33
        },
        "AgentBehavior.Policy.ExtrinsicReward.sum": {
            "value": 234910.40435028076,
            "min": 187114.04789352417,
            "max": 248775.68647384644,
            "count": 33
        },
        "AgentBehavior.Policy.CuriosityReward.mean": {
            "value": 0.012946773352313094,
            "min": 0.0007614172229544179,
            "max": 0.01481246851632831,
            "count": 33
        },
        "AgentBehavior.Policy.CuriosityReward.sum": {
            "value": 36.14739119965816,
            "min": 1.6682651354931295,
            "max": 38.31697300734231,
            "count": 33
        },
        "AgentBehavior.Losses.PolicyLoss.mean": {
            "value": 0.050681379382391846,
            "min": 0.04515105057968564,
            "max": 0.05350599367860317,
            "count": 33
        },
        "AgentBehavior.Losses.PolicyLoss.sum": {
            "value": 0.050681379382391846,
            "min": 0.04515105057968564,
            "max": 0.10151583197512082,
            "count": 33
        },
        "AgentBehavior.Losses.ValueLoss.mean": {
            "value": 19.563059334953625,
            "min": 16.99062293271224,
            "max": 26.25215805321932,
            "count": 33
        },
        "AgentBehavior.Losses.ValueLoss.sum": {
            "value": 19.563059334953625,
            "min": 16.99062293271224,
            "max": 50.79453997313976,
            "count": 33
        },
        "AgentBehavior.Policy.LearningRate.mean": {
            "value": 3.2266517733550014e-05,
            "min": 3.2266517733550014e-05,
            "max": 4.8025971974080006e-05,
            "count": 33
        },
        "AgentBehavior.Policy.LearningRate.sum": {
            "value": 3.2266517733550014e-05,
            "min": 3.2266517733550014e-05,
            "max": 9.440915559095002e-05,
            "count": 33
        },
        "AgentBehavior.Policy.Epsilon.mean": {
            "value": 0.13226644999999998,
            "min": 0.13226644999999998,
            "max": 0.14802592,
            "count": 33
        },
        "AgentBehavior.Policy.Epsilon.sum": {
            "value": 0.13226644999999998,
            "min": 0.13226644999999998,
            "max": 0.29440905000000006,
            "count": 33
        },
        "AgentBehavior.Policy.Beta.mean": {
            "value": 0.001620095855,
            "min": 0.001620095855,
            "max": 0.0024064934080000005,
            "count": 33
        },
        "AgentBehavior.Policy.Beta.sum": {
            "value": 0.001620095855,
            "min": 0.001620095855,
            "max": 0.004731011595000001,
            "count": 33
        },
        "AgentBehavior.Losses.CuriosityForwardLoss.mean": {
            "value": 0.03435443827765994,
            "min": 0.030829669000619713,
            "max": 0.04137796465268669,
            "count": 33
        },
        "AgentBehavior.Losses.CuriosityForwardLoss.sum": {
            "value": 0.03435443827765994,
            "min": 0.030829669000619713,
            "max": 0.07294791554159019,
            "count": 33
        },
        "AgentBehavior.Losses.CuriosityInverseLoss.mean": {
            "value": 0.343590205302462,
            "min": 0.3062989372992888,
            "max": 0.41381586141263443,
            "count": 33
        },
        "AgentBehavior.Losses.CuriosityInverseLoss.sum": {
            "value": 0.343590205302462,
            "min": 0.3062989372992888,
            "max": 0.7295972822078814,
            "count": 33
        },
        "AgentBehavior.IsTraining.mean": {
            "value": 1.0,
            "min": 1.0,
            "max": 1.0,
            "count": 33
        },
        "AgentBehavior.IsTraining.sum": {
            "value": 1.0,
            "min": 1.0,
            "max": 1.0,
            "count": 33
        }
    },
    "metadata": {
        "timer_format_version": "0.1.0",
        "start_time_seconds": "1675803167",
        "python_version": "3.7.16 (default, Jan 17 2023, 16:06:28) [MSC v.1916 64 bit (AMD64)]",
        "command_line_arguments": "C:\\Users\\gorzs\\anaconda3\\envs\\unity\\Scripts\\mlagents-learn .\\config.yaml --run-id=Stage1_Training1 --resume",
        "mlagents_version": "0.28.0",
        "mlagents_envs_version": "0.28.0",
        "communication_protocol_version": "1.5.0",
        "pytorch_version": "1.7.1+cu110",
        "numpy_version": "1.21.6",
        "end_time_seconds": "1675804545"
    },
    "total": 1376.987504,
    "count": 1,
    "self": 0.0060333999997510546,
    "children": {
        "run_training.setup": {
            "total": 0.07747819999999994,
            "count": 1,
            "self": 0.07747819999999994
        },
        "TrainerController.start_learning": {
            "total": 1376.9039924,
            "count": 1,
            "self": 2.4815939000041,
            "children": {
                "TrainerController._reset_env": {
                    "total": 8.6907204,
                    "count": 1,
                    "self": 8.6907204
                },
                "TrainerController.advance": {
                    "total": 1365.6547062999962,
                    "count": 177299,
                    "self": 1.3576214000252094,
                    "children": {
                        "env_step": {
                            "total": 1364.297084899971,
                            "count": 177299,